{
  "anchors": [
    1.53,
    1.88,
    1.62,
    2.47,
    1.37,
    2.16,
    1.88,
    2.34,
    1.69,
    2.12
  ],
  "inputs": {
    "input0": [
      224,
      224,
      3
    ]
  },
  "outputs": {
    "output0": [
      7,
      7,
      65
    ]
  },
  "params_quantity": 1882961,
  "loss": [
    [
      1,
      2.01167
    ],
    [
      2,
      0.90525
    ],
    [
      3,
      0.50018
    ],
    [
      4,
      0.30753
    ],
    [
      5,
      0.22137
    ],
    [
      6,
      0.67365
    ],
    [
      7,
      0.27739
    ],
    [
      8,
      0.20462
    ],
    [
      9,
      0.15487
    ],
    [
      10,
      0.10827
    ],
    [
      11,
      0.0993
    ],
    [
      12,
      0.07512
    ],
    [
      13,
      0.06071
    ],
    [
      14,
      0.04751
    ],
    [
      15,
      0.03926
    ],
    [
      16,
      0.03525
    ],
    [
      17,
      0.03344
    ],
    [
      18,
      0.02738
    ],
    [
      19,
      0.02296
    ],
    [
      20,
      0.0212
    ],
    [
      21,
      0.01949
    ],
    [
      22,
      0.01743
    ],
    [
      23,
      0.01629
    ],
    [
      24,
      0.01551
    ],
    [
      25,
      0.01434
    ],
    [
      26,
      0.0121
    ],
    [
      27,
      0.01058
    ],
    [
      28,
      0.00957
    ],
    [
      29,
      0.00845
    ],
    [
      30,
      0.00854
    ],
    [
      31,
      0.00779
    ],
    [
      32,
      0.00731
    ],
    [
      33,
      0.00685
    ],
    [
      34,
      0.00685
    ],
    [
      35,
      0.00606
    ],
    [
      36,
      0.00698
    ],
    [
      37,
      0.00937
    ],
    [
      38,
      0.00756
    ],
    [
      39,
      0.00653
    ],
    [
      40,
      0.00539
    ],
    [
      41,
      0.00554
    ],
    [
      42,
      0.00502
    ],
    [
      43,
      0.00482
    ],
    [
      44,
      0.00484
    ],
    [
      45,
      0.00453
    ],
    [
      46,
      0.00411
    ],
    [
      47,
      0.00398
    ],
    [
      48,
      0.0039
    ],
    [
      49,
      0.00365
    ],
    [
      50,
      0.00349
    ],
    [
      51,
      0.00357
    ],
    [
      52,
      0.00362
    ],
    [
      53,
      0.0035
    ],
    [
      54,
      0.00371
    ],
    [
      55,
      0.00376
    ],
    [
      56,
      0.00336
    ],
    [
      57,
      0.0038
    ],
    [
      58,
      0.00385
    ],
    [
      59,
      0.00345
    ],
    [
      60,
      0.00351
    ],
    [
      61,
      0.00307
    ],
    [
      62,
      0.0029
    ],
    [
      63,
      0.00273
    ],
    [
      64,
      0.00273
    ],
    [
      65,
      0.00238
    ],
    [
      66,
      0.00206
    ],
    [
      67,
      0.00217
    ],
    [
      68,
      0.0025
    ],
    [
      69,
      0.00222
    ],
    [
      70,
      0.0023
    ],
    [
      71,
      0.00224
    ],
    [
      72,
      0.00217
    ],
    [
      73,
      0.0018
    ],
    [
      74,
      0.00199
    ],
    [
      75,
      0.002
    ],
    [
      76,
      0.00243
    ],
    [
      77,
      0.0021
    ],
    [
      78,
      0.00241
    ],
    [
      79,
      0.002
    ],
    [
      80,
      0.00204
    ],
    [
      81,
      0.00218
    ],
    [
      82,
      0.00184
    ],
    [
      83,
      0.00207
    ],
    [
      84,
      0.00185
    ],
    [
      85,
      0.00166
    ],
    [
      86,
      0.00161
    ],
    [
      87,
      0.00173
    ],
    [
      88,
      0.00153
    ],
    [
      89,
      0.0018
    ],
    [
      90,
      0.00157
    ],
    [
      91,
      0.0015
    ],
    [
      92,
      0.00165
    ],
    [
      93,
      0.00176
    ],
    [
      94,
      0.00173
    ],
    [
      95,
      0.00231
    ],
    [
      96,
      0.0015
    ],
    [
      97,
      0.00165
    ],
    [
      98,
      0.00157
    ],
    [
      99,
      0.00152
    ],
    [
      100,
      0.00135
    ]
  ],
  "acc": [
    [
      1,
      0.06308
    ],
    [
      2,
      0.14127
    ],
    [
      3,
      0.15219
    ],
    [
      4,
      0.19486
    ],
    [
      5,
      0.1964
    ],
    [
      6,
      0.19316
    ],
    [
      7,
      0.10406
    ],
    [
      8,
      0.09626
    ],
    [
      9,
      0.08593
    ],
    [
      10,
      0.08481
    ],
    [
      11,
      0.08444
    ],
    [
      12,
      0.08646
    ],
    [
      13,
      0.08942
    ],
    [
      14,
      0.08783
    ],
    [
      15,
      0.08715
    ],
    [
      16,
      0.09329
    ],
    [
      17,
      0.09966
    ],
    [
      18,
      0.0943
    ],
    [
      19,
      0.09441
    ],
    [
      20,
      0.09457
    ],
    [
      21,
      0.09483
    ],
    [
      22,
      0.0934
    ],
    [
      23,
      0.09351
    ],
    [
      24,
      0.09382
    ],
    [
      25,
      0.09557
    ],
    [
      26,
      0.09457
    ],
    [
      27,
      0.09828
    ],
    [
      28,
      0.09822
    ],
    [
      29,
      0.09716
    ],
    [
      30,
      0.09822
    ],
    [
      31,
      0.09626
    ],
    [
      32,
      0.09679
    ],
    [
      33,
      0.09515
    ],
    [
      34,
      0.09669
    ],
    [
      35,
      0.09695
    ],
    [
      36,
      0.09785
    ],
    [
      37,
      0.10178
    ],
    [
      38,
      0.09955
    ],
    [
      39,
      0.09907
    ],
    [
      40,
      0.10077
    ],
    [
      41,
      0.10501
    ],
    [
      42,
      0.1005
    ],
    [
      43,
      0.09928
    ],
    [
      44,
      0.10315
    ],
    [
      45,
      0.0995
    ],
    [
      46,
      0.0995
    ],
    [
      47,
      0.10363
    ],
    [
      48,
      0.09785
    ],
    [
      49,
      0.1014
    ],
    [
      50,
      0.1014
    ],
    [
      51,
      0.10077
    ],
    [
      52,
      0.10109
    ],
    [
      53,
      0.09971
    ],
    [
      54,
      0.10241
    ],
    [
      55,
      0.09875
    ],
    [
      56,
      0.09801
    ],
    [
      57,
      0.10294
    ],
    [
      58,
      0.10501
    ],
    [
      59,
      0.10135
    ],
    [
      60,
      0.10284
    ],
    [
      61,
      0.09944
    ],
    [
      62,
      0.0995
    ],
    [
      63,
      0.09939
    ],
    [
      64,
      0.10146
    ],
    [
      65,
      0.10379
    ],
    [
      66,
      0.10156
    ],
    [
      67,
      0.10066
    ],
    [
      68,
      0.10284
    ],
    [
      69,
      0.10193
    ],
    [
      70,
      0.09992
    ],
    [
      71,
      0.1013
    ],
    [
      72,
      0.09992
    ],
    [
      73,
      0.09987
    ],
    [
      74,
      0.10135
    ],
    [
      75,
      0.09844
    ],
    [
      76,
      0.09987
    ],
    [
      77,
      0.09955
    ],
    [
      78,
      0.10151
    ],
    [
      79,
      0.09897
    ],
    [
      80,
      0.09966
    ],
    [
      81,
      0.10087
    ],
    [
      82,
      0.09807
    ],
    [
      83,
      0.10167
    ],
    [
      84,
      0.10013
    ],
    [
      85,
      0.10072
    ],
    [
      86,
      0.09764
    ],
    [
      87,
      0.0996
    ],
    [
      88,
      0.0986
    ],
    [
      89,
      0.10114
    ],
    [
      90,
      0.09695
    ],
    [
      91,
      0.09738
    ],
    [
      92,
      0.09759
    ],
    [
      93,
      0.10178
    ],
    [
      94,
      0.10278
    ],
    [
      95,
      0.10628
    ],
    [
      96,
      0.0987
    ],
    [
      97,
      0.10003
    ],
    [
      98,
      0.10379
    ],
    [
      99,
      0.10013
    ],
    [
      100,
      0.09976
    ]
  ],